分類,機關名稱,標案名稱,傳輸次數,公告日期,截止日期,金額,網址
水資源,臺中市政府水利局,石岡壩水資源回收中心中段臨大甲溪河岸之護岸及邊坡保護工程,1,106/12/15,106/12/20,"65,340,000",http://web.pcc.gov.tw/tps/tpam/main/tps/tpam/tpam_tender_detail.do?searchMode=common&scope=F&primaryKey=52363517
水資源,屏東縣政府,屏東農業百年發展史及淺談水資源編輯出版計畫,1,106/12/15,106/12/25,"4,000,000",http://web.pcc.gov.tw/tps/tpam/main/tps/tpam/tpam_tender_detail.do?searchMode=common&scope=F&primaryKey=52339286
水資源,臺中市政府水利局,河岸水資源宣導活動(綠川)委託專業服務,1,106/12/14,106/12/22,"3,000,000",http://web.pcc.gov.tw/tps/tpam/main/tps/tpam/tpam_tender_detail.do?searchMode=common&scope=F&primaryKey=52357461
水資源,臺中市南區區公所,臺中市南區107年度水資源回饋金運用監視系統保(維)修、租賃勞務採購開口契約,1,106/12/14,106/12/20,"568,000",http://web.pcc.gov.tw/tps/tpam/main/tps/tpam/tpam_tender_detail.do?searchMode=common&scope=F&primaryKey=52369427
水資源,苗栗縣大湖鄉公所,107年度苗栗縣大湖鄉鯉魚潭水庫水資源保護區環境清潔案,1,106/12/13,106/12/18,"552,000",http://web.pcc.gov.tw/tps/tpam/main/tps/tpam/tpam_tender_detail.do?searchMode=common&scope=F&primaryKey=52369119
水資源,新竹縣政府,新竹縣竹北市污水下水道系統第二期實施計畫-水資源回收中心第二期工程設計及監造暨3年試運轉審查及督導委託技術服務,1,106/12/13,107/01/09,"22,685,000",http://web.pcc.gov.tw/tps/tpam/main/tps/tpam/tpam_tender_detail.do?searchMode=common&scope=F&primaryKey=52367618
水資源,臺南市政府水利局,臺南市安平水資源回收中心疏流井設置,2,106/12/13,106/12/19,"27,460,000",http://web.pcc.gov.tw/tps/tpam/main/tps/tpam/tpam_tender_detail.do?searchMode=common&scope=F&primaryKey=52367195
水資源,經濟部水利署中區水資源局,中部地區多元化水資源運用及推廣計畫,3,106/12/12,106/12/19,"2,000,000",http://web.pcc.gov.tw/tps/tpam/main/tps/tpam/tpam_tender_detail.do?searchMode=common&scope=F&primaryKey=52365542
水資源,經濟部水利署北區水資源局,北區水資源局轄區重要水庫壩堰(隆恩堰、上坪堰、羅東堰及中庄攔河堰)魚道環境生態調查,2,106/12/11,106/12/18,"2,497,756",http://web.pcc.gov.tw/tps/tpam/main/tps/tpam/tpam_tender_detail.do?searchMode=common&scope=F&primaryKey=52364118
水資源,臺中市政府水利局,106年臺中市水資源回收中心設備改善工程(二),1,106/12/07,106/12/18,"5,171,000",http://web.pcc.gov.tw/tps/tpam/main/tps/tpam/tpam_tender_detail.do?searchMode=common&scope=F&primaryKey=52360546
水資源,新北市政府採購處,林口水資源回收中心污泥乾燥計畫委託技術服務,1,106/12/04,106/12/19,"3,107,500",http://web.pcc.gov.tw/tps/tpam/main/tps/tpam/tpam_tender_detail.do?searchMode=common&scope=F&primaryKey=52354929
水資源,經濟部水利署南區水資源局,107年度曾文溪流域公民參與及水資源教育深耕校園計畫,1,106/12/15,106/12/26,"1,750,000",http://web.pcc.gov.tw/tps/tpam/main/tps/tpam/tpam_tender_detail.do?searchMode=common&scope=F&primaryKey=52371749
水資源,新竹市政府,新竹市客雅水資源回收中心污泥清理及刮泥機修繕工程委託設計監造技術服務,1,106/12/14,106/12/26,"1,385,577",http://web.pcc.gov.tw/tps/tpam/main/tps/tpam/tpam_tender_detail.do?searchMode=common&scope=F&primaryKey=52368851
水資源,雲林縣政府,斗六市水資源回收中心暨嘉東社區簡易污水處理設備修繕及功能提升工程,2,106/12/14,106/12/21,"6,703,785",http://web.pcc.gov.tw/tps/tpam/main/tps/tpam/tpam_tender_detail.do?searchMode=common&scope=F&primaryKey=52370226
水資源,經濟部水利署水利規劃試驗所,水資源物聯網專案管理(1/3),3,106/12/14,106/12/19,"3,000,000",http://web.pcc.gov.tw/tps/tpam/main/tps/tpam/tpam_tender_detail.do?searchMode=common&scope=F&primaryKey=52369940
水資源,經濟部水利署,水資源物聯網感測基礎雲端作業網絡—水資源物聯網感測基礎雲端作業平臺建置計畫,1,106/12/13,106/12/27,"38,750,000",http://web.pcc.gov.tw/tps/tpam/main/tps/tpam/tpam_tender_detail.do?searchMode=common&scope=F&primaryKey=52341195
水資源,臺南市政府水利局,安平水資源回收中心(含截流站)電力系統效能提升－主變電站部分,1,106/12/13,106/12/26,"33,169,481",http://web.pcc.gov.tw/tps/tpam/main/tps/tpam/tpam_tender_detail.do?searchMode=common&scope=F&primaryKey=52368615
水資源,經濟部水利署,水資源物聯網感測基礎雲端作業網絡—水資源物聯網作業管理與規範制定計畫,1,106/12/12,106/12/20,"8,000,000",http://web.pcc.gov.tw/tps/tpam/main/tps/tpam/tpam_tender_detail.do?searchMode=common&scope=F&primaryKey=52331345
水資源,桃園市政府水務局,107年度中壢及埔頂水資源回收中心預定地環境維護開口契約,1,106/12/11,106/12/25,"1,500,000",http://web.pcc.gov.tw/tps/tpam/main/tps/tpam/tpam_tender_detail.do?searchMode=common&scope=F&primaryKey=52364425
水資源,海洋國家公園管理處,澎湖南方四島環境景觀改善工程暨水資源利用工程委託規劃設計與監造技術服務案,1,106/12/07,106/12/21,"995,000",http://web.pcc.gov.tw/tps/tpam/main/tps/tpam/tpam_tender_detail.do?searchMode=common&scope=F&primaryKey=52362607
水資源,桃園市政府水務局,107年度桃園水資源回收中心興建工程第一期營運階段環境監測勞務採購案,2,106/12/06,106/12/19,"4,200,000",http://web.pcc.gov.tw/tps/tpam/main/tps/tpam/tpam_tender_detail.do?searchMode=common&scope=F&primaryKey=52358450
水資源,內政部營建署,「臺南市永康水資源回收中心放流水回收再利用推動計畫」委託專案管理（含監造）技術服務案,1,106/11/17,106/12/18,"84,700,000",http://web.pcc.gov.tw/tps/tpam/main/tps/tpam/tpam_tender_detail.do?searchMode=common&scope=F&primaryKey=52284218
太陽能,國防部空軍司令部,防訓中心營一大樓太陽能熱水器購置案,4,106/12/12,106/12/18,"1,403,000",http://web.pcc.gov.tw/tps/tpam/main/tps/tpam/tpam_tender_detail.do?searchMode=common&scope=F&primaryKey=52366504
太陽能,國軍退除役官兵輔導委員會退除役官兵職業訓練中心,107年委外訓練太陽能技術工程師班高雄班,1,106/12/07,106/12/18,"1,324,000",http://web.pcc.gov.tw/tps/tpam/main/tps/tpam/tpam_tender_detail.do?searchMode=common&scope=F&primaryKey=52359634
太陽能,國立勤益科技大學,電機工程系「太陽能電池實驗器」購案,1,106/12/11,106/12/18,"330,000",http://web.pcc.gov.tw/tps/tpam/main/tps/tpam/tpam_tender_detail.do?searchMode=common&scope=F&primaryKey=52365949
太陽能,經濟部能源局,107年度「太陽能熱利用補助推廣作業計畫」,1,106/11/28,106/12/15,"10,000,000",http://web.pcc.gov.tw/tps/tpam/main/tps/tpam/tpam_tender_detail.do?searchMode=common&scope=F&primaryKey=52347307
綠能,勞動部勞動力發展署北基宜花金馬分署,107年度第1次委託辦理失業者職業訓練-工業與綠能職類群,1,106/12/15,107/01/02,"19,440,000",http://web.pcc.gov.tw/tps/tpam/main/tps/tpam/tpam_tender_detail.do?searchMode=common&scope=F&primaryKey=52370596
綠能,經濟部能源局,107年度「沙崙綠能科學城-綠能科技產業化技術驗證平台計畫(1/3)」,1,106/12/13,107/01/09,"400,000,000",http://web.pcc.gov.tw/tps/tpam/main/tps/tpam/tpam_tender_detail.do?searchMode=common&scope=F&primaryKey=52368367
綠能,花蓮縣環境保護局,107年度花蓮縣畜牧糞尿沼渣沼液作為農地肥分使用輔導推動計畫暨推動綠能沼氣回收再利用暨異味削減輔導計畫,1,106/12/12,106/12/26,"4,858,000",http://web.pcc.gov.tw/tps/tpam/main/tps/tpam/tpam_tender_detail.do?searchMode=common&scope=F&primaryKey=52365539
綠能,保證責任花蓮縣龍鳳甲良質稻米運銷合作社,「106年度花蓮縣有機農業推動及綠能示範計畫」冷藏庫(RC式)含周邊附屬,1,106/12/11,106/12/21,"4,500,000",http://web.pcc.gov.tw/tps/tpam/main/tps/tpam/tpam_tender_detail.do?searchMode=common&scope=F&primaryKey=52363794
綠能,經濟部標準檢驗局,107年度推動綠能產品性能可靠度檢測技術委辦計畫,1,106/12/08,106/12/25,"4,800,000",http://web.pcc.gov.tw/tps/tpam/main/tps/tpam/tpam_tender_detail.do?searchMode=common&scope=F&primaryKey=52363085
綠能,科技部南部科學工業園區管理局,沙崙綠能科學城核心區-C區開發工程(第一期),1,106/12/14,106/12/21,"1,549,322,726",http://web.pcc.gov.tw/tps/tpam/main/tps/tpam/tpam_tender_detail.do?searchMode=common&scope=F&primaryKey=52309717
綠能,經濟部標準檢驗局,107年綠能產品電磁相容可靠度及碳足跡與產製登錄平台委辦計畫,1,106/12/13,107/01/05,"5,975,000",http://web.pcc.gov.tw/tps/tpam/main/tps/tpam/tpam_tender_detail.do?searchMode=common&scope=F&primaryKey=52368510
綠能,屏東縣政府環境保護局,107年屏東縣綠能專案推動計畫,1,106/12/11,106/12/25,"7,500,000",http://web.pcc.gov.tw/tps/tpam/main/tps/tpam/tpam_tender_detail.do?searchMode=common&scope=F&primaryKey=52354845
綠能,國立東港高級海事水產職業學校,綠能光電設備,2,106/12/11,106/12/15,"1,800,000",http://web.pcc.gov.tw/tps/tpam/main/tps/tpam/tpam_tender_detail.do?searchMode=common&scope=F&primaryKey=52364044
